[
    {
        "id": 1,
        "description": " LD01 LOUNGE CHAIR",
        "price": 200,
        "url": "./images/nike1.jpg"
    },
    {
        "id": 2,
        "description": " LD02 LOUNGE CHAIR",
        "price": 250,
        "url": "./images/nike2.jpg"
    },
    {
        "id": 3,
        "description": " LD03 LOUNGE CHAIR",
        "price": 290,
        "url": "./images/nike3.jpg"
    },
    {
        "id": 4,
        "description": " LD04 LOUNGE CHAIR",
        "price": 200,
        "url": "./images/nike4.jpg"
    },
    {
        "id": 5,
        "description": " LD05 LOUNGE CHAIR",
        "price": 300,
        "url": "./images/nike5.jpg"
    },
    {
        "id": 6,
        "description": " LD06 LOUNGE CHAIR",
        "price": 200,
        "url": "./images/nike6.jpg"
    },
    {
        "id": 7,
        "description": " LD07 LOUNGE CHAIR",
        "price": 200,
        "url": "./images/nike1.jpg"
    },
    {
        "id": 8,
        "description": " LD08 LOUNGE CHAIR",
        "price": 200,
        "url": "./images/nike6.jpg"
    }
]